ANIO,MES,FECHA,K_ACCESO_INTERNET,TECNO_ACCESO_INTERNET,A_TOTAL
2000,12,15Dec2000,01,Cable coaxial,"8,617"
2000,12,15Dec2000,02,DSL,"101,466"
2000,12,15Dec2000,07,Otras tecnologías,50
2001,12,15Dec2001,01,Cable coaxial,"64,476"
2001,12,15Dec2001,02,DSL,"131,352"
2001,12,15Dec2001,07,Otras tecnologías,679
2002,12,15Dec2002,01,Cable coaxial,"130,923"
2002,12,15Dec2002,02,DSL,"165,556"
2002,12,15Dec2002,07,Otras tecnologías,"1,518"
2003,12,15Dec2003,01,Cable coaxial,"231,224"
2003,12,15Dec2003,02,DSL,"212,935"
2003,12,15Dec2003,04,Satelital,"3,031"
2003,12,15Dec2003,05,Terrestre fijo inalámbrico,"3,750"
2003,12,15Dec2003,07,Otras tecnologías,"1,861"
2004,12,15Dec2004,01,Cable coaxial,"404,550"
2004,12,15Dec2004,02,DSL,"644,662"
2004,12,15Dec2004,04,Satelital,"4,880"
2004,12,15Dec2004,05,Terrestre fijo inalámbrico,"5,742"
2004,12,15Dec2004,07,Otras tecnologías,"1,954"
2005,12,15Dec2005,01,Cable coaxial,"689,242"
2005,12,15Dec2005,02,DSL,"1,113,725"
2005,12,15Dec2005,04,Satelital,"16,549"
2005,12,15Dec2005,05,Terrestre fijo inalámbrico,"22,364"
2005,12,15Dec2005,07,Otras tecnologías,"2,555"
2006,12,15Dec2006,01,Cable coaxial,"957,315"
2006,12,15Dec2006,02,DSL,"1,863,829"
2006,12,15Dec2006,04,Satelital,"30,191"
2006,12,15Dec2006,05,Terrestre fijo inalámbrico,"56,894"
2006,12,15Dec2006,07,Otras tecnologías,"3,155"
2007,12,15Dec2007,01,Cable coaxial,"1,214,870"
2007,12,15Dec2007,02,DSL,"2,959,664"
2007,12,15Dec2007,04,Satelital,"36,031"
2007,12,15Dec2007,05,Terrestre fijo inalámbrico,"59,239"
2007,12,15Dec2007,07,Otras tecnologías,"3,822"
2008,12,15Dec2008,01,Cable coaxial,"1,615,564"
2008,12,15Dec2008,02,DSL,"5,274,686"
2008,12,15Dec2008,04,Satelital,"46,676"
2008,12,15Dec2008,05,Terrestre fijo inalámbrico,"162,451"
2008,12,15Dec2008,07,Otras tecnologías,"6,589"
2009,12,15Dec2009,01,Cable coaxial,"1,875,608"
2009,12,15Dec2009,02,DSL,"6,813,302"
2009,12,15Dec2009,03,Fibra óptica,"149,826"
2009,12,15Dec2009,04,Satelital,"45,620"
2009,12,15Dec2009,05,Terrestre fijo inalámbrico,"207,880"
2009,12,15Dec2009,07,Otras tecnologías,"14,897"
2010,12,15Dec2010,01,Cable coaxial,"2,124,580"
2010,12,15Dec2010,02,DSL,"7,703,143"
2010,12,15Dec2010,03,Fibra óptica,"151,621"
2010,12,15Dec2010,04,Satelital,"42,151"
2010,12,15Dec2010,05,Terrestre fijo inalámbrico,"268,094"
2010,12,15Dec2010,07,Otras tecnologías,"34,921"
2011,12,15Dec2011,01,Cable coaxial,"2,368,180"
2011,12,15Dec2011,02,DSL,"7,898,662"
2011,12,15Dec2011,03,Fibra óptica,"154,100"
2011,12,15Dec2011,04,Satelital,"60,130"
2011,12,15Dec2011,05,Terrestre fijo inalámbrico,"345,843"
2011,12,15Dec2011,07,Otras tecnologías,"55,185"
2012,12,15Dec2012,01,Cable coaxial,"2,604,395"
2012,12,15Dec2012,02,DSL,"8,098,281"
2012,12,15Dec2012,03,Fibra óptica,"467,298"
2012,12,15Dec2012,04,Satelital,"37,504"
2012,12,15Dec2012,05,Terrestre fijo inalámbrico,"362,962"
2012,12,15Dec2012,07,Otras tecnologías,"42,126"
2013,01,15Jan2013,01,Cable coaxial,"2,299,058"
2013,01,15Jan2013,02,DSL,"8,283,418"
2013,01,15Jan2013,03,Fibra óptica,"470,091"
2013,01,15Jan2013,04,Satelital,"5,352"
2013,01,15Jan2013,05,Terrestre fijo inalámbrico,"435,841"
2013,02,15Feb2013,01,Cable coaxial,"2,331,248"
2013,02,15Feb2013,02,DSL,"8,302,404"
2013,02,15Feb2013,03,Fibra óptica,"510,902"
2013,02,15Feb2013,04,Satelital,"5,083"
2013,02,15Feb2013,05,Terrestre fijo inalámbrico,"427,841"
2013,03,15Mar2013,01,Cable coaxial,"2,362,275"
2013,03,15Mar2013,02,DSL,"8,309,452"
2013,03,15Mar2013,03,Fibra óptica,"546,873"
2013,03,15Mar2013,04,Satelital,"5,109"
2013,03,15Mar2013,05,Terrestre fijo inalámbrico,"421,728"
2013,04,15Apr2013,01,Cable coaxial,"2,385,720"
2013,04,15Apr2013,02,DSL,"8,322,759"
2013,04,15Apr2013,03,Fibra óptica,"583,107"
2013,04,15Apr2013,04,Satelital,"5,130"
2013,04,15Apr2013,05,Terrestre fijo inalámbrico,"418,674"
2013,05,15May2013,01,Cable coaxial,"2,404,525"
2013,05,15May2013,02,DSL,"8,330,061"
2013,05,15May2013,03,Fibra óptica,"616,281"
2013,05,15May2013,04,Satelital,"5,155"
2013,05,15May2013,05,Terrestre fijo inalámbrico,"415,511"
2013,06,15Jun2013,01,Cable coaxial,"2,438,683"
2013,06,15Jun2013,02,DSL,"8,332,803"
2013,06,15Jun2013,03,Fibra óptica,"649,504"
2013,06,15Jun2013,04,Satelital,"5,157"
2013,06,15Jun2013,05,Terrestre fijo inalámbrico,"412,214"
2013,07,15Jul2013,01,Cable coaxial,"2,476,133"
2013,07,15Jul2013,02,DSL,"8,355,794"
2013,07,15Jul2013,03,Fibra óptica,"679,453"
2013,07,15Jul2013,04,Satelital,"5,166"
2013,07,15Jul2013,05,Terrestre fijo inalámbrico,"410,346"
2013,08,15Aug2013,01,Cable coaxial,"2,542,473"
2013,08,15Aug2013,02,DSL,"8,387,362"
2013,08,15Aug2013,03,Fibra óptica,"704,171"
2013,08,15Aug2013,04,Satelital,"5,187"
2013,08,15Aug2013,05,Terrestre fijo inalámbrico,"413,249"
2013,09,15Sep2013,01,Cable coaxial,"2,603,165"
2013,09,15Sep2013,02,DSL,"8,421,583"
2013,09,15Sep2013,03,Fibra óptica,"719,773"
2013,09,15Sep2013,04,Satelital,"5,213"
2013,09,15Sep2013,05,Terrestre fijo inalámbrico,"412,510"
2013,10,15Oct2013,01,Cable coaxial,"2,659,294"
2013,10,15Oct2013,02,DSL,"8,450,664"
2013,10,15Oct2013,03,Fibra óptica,"744,060"
2013,10,15Oct2013,04,Satelital,"5,306"
2013,10,15Oct2013,05,Terrestre fijo inalámbrico,"414,048"
2013,11,15Nov2013,01,Cable coaxial,"2,711,870"
2013,11,15Nov2013,02,DSL,"8,467,981"
2013,11,15Nov2013,03,Fibra óptica,"762,893"
2013,11,15Nov2013,04,Satelital,"5,325"
2013,11,15Nov2013,05,Terrestre fijo inalámbrico,"417,208"
2013,12,15Dec2013,01,Cable coaxial,"2,765,477"
2013,12,15Dec2013,02,DSL,"8,459,284"
2013,12,15Dec2013,03,Fibra óptica,"774,563"
2013,12,15Dec2013,04,Satelital,"5,333"
2013,12,15Dec2013,05,Terrestre fijo inalámbrico,"417,517"
2014,01,15Jan2014,01,Cable coaxial,"2,851,143"
2014,01,15Jan2014,02,DSL,"8,512,630"
2014,01,15Jan2014,03,Fibra óptica,"790,665"
2014,01,15Jan2014,04,Satelital,"5,350"
2014,01,15Jan2014,05,Terrestre fijo inalámbrico,"421,690"
2014,02,15Feb2014,01,Cable coaxial,"2,890,572"
2014,02,15Feb2014,02,DSL,"8,543,545"
2014,02,15Feb2014,03,Fibra óptica,"801,129"
2014,02,15Feb2014,04,Satelital,"5,346"
2014,02,15Feb2014,05,Terrestre fijo inalámbrico,"422,745"
2014,03,15Mar2014,01,Cable coaxial,"2,937,954"
2014,03,15Mar2014,02,DSL,"8,572,782"
2014,03,15Mar2014,03,Fibra óptica,"812,159"
2014,03,15Mar2014,04,Satelital,"5,330"
2014,03,15Mar2014,05,Terrestre fijo inalámbrico,"421,710"
2014,04,15Apr2014,01,Cable coaxial,"2,977,929"
2014,04,15Apr2014,02,DSL,"8,594,222"
2014,04,15Apr2014,03,Fibra óptica,"823,823"
2014,04,15Apr2014,04,Satelital,"5,346"
2014,04,15Apr2014,05,Terrestre fijo inalámbrico,"421,883"
2014,05,15May2014,01,Cable coaxial,"3,041,967"
2014,05,15May2014,02,DSL,"8,601,319"
2014,05,15May2014,03,Fibra óptica,"841,650"
2014,05,15May2014,04,Satelital,"5,220"
2014,05,15May2014,05,Terrestre fijo inalámbrico,"422,527"
2014,06,15Jun2014,01,Cable coaxial,"3,099,574"
2014,06,15Jun2014,02,DSL,"8,598,551"
2014,06,15Jun2014,03,Fibra óptica,"855,782"
2014,06,15Jun2014,04,Satelital,"5,239"
2014,06,15Jun2014,05,Terrestre fijo inalámbrico,"421,064"
2014,07,15Jul2014,01,Cable coaxial,"3,145,396"
2014,07,15Jul2014,02,DSL,"8,610,526"
2014,07,15Jul2014,03,Fibra óptica,"874,444"
2014,07,15Jul2014,04,Satelital,"5,208"
2014,07,15Jul2014,05,Terrestre fijo inalámbrico,"420,157"
2014,08,15Aug2014,01,Cable coaxial,"3,228,675"
2014,08,15Aug2014,02,DSL,"8,635,711"
2014,08,15Aug2014,03,Fibra óptica,"889,527"
2014,08,15Aug2014,04,Satelital,"5,226"
2014,08,15Aug2014,05,Terrestre fijo inalámbrico,"420,316"
2014,09,15Sep2014,01,Cable coaxial,"3,286,949"
2014,09,15Sep2014,02,DSL,"8,659,252"
2014,09,15Sep2014,03,Fibra óptica,"907,258"
2014,09,15Sep2014,04,Satelital,"5,251"
2014,09,15Sep2014,05,Terrestre fijo inalámbrico,"419,984"
2014,10,15Oct2014,01,Cable coaxial,"3,361,295"
2014,10,15Oct2014,02,DSL,"8,667,086"
2014,10,15Oct2014,03,Fibra óptica,"932,466"
2014,10,15Oct2014,04,Satelital,"3,930"
2014,10,15Oct2014,05,Terrestre fijo inalámbrico,"418,778"
2014,11,15Nov2014,01,Cable coaxial,"3,436,430"
2014,11,15Nov2014,02,DSL,"8,700,076"
2014,11,15Nov2014,03,Fibra óptica,"890,979"
2014,11,15Nov2014,04,Satelital,"3,988"
2014,11,15Nov2014,05,Terrestre fijo inalámbrico,"416,785"
2014,12,15Dec2014,01,Cable coaxial,"3,529,127"
2014,12,15Dec2014,02,DSL,"7,953,186"
2014,12,15Dec2014,03,Fibra óptica,"920,580"
2014,12,15Dec2014,04,Satelital,"3,845"
2014,12,15Dec2014,05,Terrestre fijo inalámbrico,"412,190"
2015,01,15Jan2015,01,Cable coaxial,"3,633,787"
2015,01,15Jan2015,02,DSL,"7,954,870"
2015,01,15Jan2015,03,Fibra óptica,"977,999"
2015,01,15Jan2015,04,Satelital,"3,883"
2015,01,15Jan2015,05,Terrestre fijo inalámbrico,"405,701"
2015,02,15Feb2015,01,Cable coaxial,"3,719,731"
2015,02,15Feb2015,02,DSL,"7,975,486"
2015,02,15Feb2015,03,Fibra óptica,"999,935"
2015,02,15Feb2015,04,Satelital,"3,907"
2015,02,15Feb2015,05,Terrestre fijo inalámbrico,"399,420"
2015,03,15Mar2015,01,Cable coaxial,"3,811,085"
2015,03,15Mar2015,02,DSL,"7,982,625"
2015,03,15Mar2015,03,Fibra óptica,"1,025,801"
2015,03,15Mar2015,04,Satelital,"3,940"
2015,03,15Mar2015,05,Terrestre fijo inalámbrico,"395,774"
2015,04,15Apr2015,01,Cable coaxial,"4,097,034"
2015,04,15Apr2015,02,DSL,"7,983,728"
2015,04,15Apr2015,03,Fibra óptica,"1,059,298"
2015,04,15Apr2015,04,Satelital,283
2015,04,15Apr2015,05,Terrestre fijo inalámbrico,"292,545"
2015,05,15May2015,01,Cable coaxial,"4,180,193"
2015,05,15May2015,02,DSL,"7,999,771"
2015,05,15May2015,03,Fibra óptica,"1,096,503"
2015,05,15May2015,04,Satelital,315
2015,05,15May2015,05,Terrestre fijo inalámbrico,"286,246"
2015,06,15Jun2015,01,Cable coaxial,"4,251,000"
2015,06,15Jun2015,02,DSL,"7,996,174"
2015,06,15Jun2015,03,Fibra óptica,"1,139,557"
2015,06,15Jun2015,04,Satelital,336
2015,06,15Jun2015,05,Terrestre fijo inalámbrico,"279,368"
2015,07,15Jul2015,01,Cable coaxial,"4,402,537"
2015,07,15Jul2015,02,DSL,"7,999,306"
2015,07,15Jul2015,03,Fibra óptica,"1,205,436"
2015,07,15Jul2015,04,Satelital,476
2015,07,15Jul2015,05,Terrestre fijo inalámbrico,"272,341"
2015,08,15Aug2015,01,Cable coaxial,"4,502,773"
2015,08,15Aug2015,02,DSL,"7,990,218"
2015,08,15Aug2015,03,Fibra óptica,"1,259,512"
2015,08,15Aug2015,04,Satelital,484
2015,08,15Aug2015,05,Terrestre fijo inalámbrico,"266,467"
2015,09,15Sep2015,01,Cable coaxial,"4,615,463"
2015,09,15Sep2015,02,DSL,"7,988,162"
2015,09,15Sep2015,03,Fibra óptica,"1,318,321"
2015,09,15Sep2015,04,Satelital,568
2015,09,15Sep2015,05,Terrestre fijo inalámbrico,"260,636"
2015,10,15Oct2015,01,Cable coaxial,"4,697,101"
2015,10,15Oct2015,02,DSL,"7,981,665"
2015,10,15Oct2015,03,Fibra óptica,"1,396,835"
2015,10,15Oct2015,04,Satelital,574
2015,10,15Oct2015,05,Terrestre fijo inalámbrico,"258,427"
2015,11,15Nov2015,01,Cable coaxial,"4,775,341"
2015,11,15Nov2015,02,DSL,"7,944,038"
2015,11,15Nov2015,03,Fibra óptica,"1,451,721"
2015,11,15Nov2015,04,Satelital,580
2015,11,15Nov2015,05,Terrestre fijo inalámbrico,"249,866"
2015,12,15Dec2015,01,Cable coaxial,"4,894,167"
2015,12,15Dec2015,02,DSL,"7,946,467"
2015,12,15Dec2015,03,Fibra óptica,"1,512,650"
2015,12,15Dec2015,04,Satelital,637
2015,12,15Dec2015,05,Terrestre fijo inalámbrico,"244,930"
2016,01,15Jan2016,01,Cable coaxial,"4,953,483"
2016,01,15Jan2016,02,DSL,"7,928,055"
2016,01,15Jan2016,03,Fibra óptica,"1,594,419"
2016,01,15Jan2016,04,Satelital,646
2016,01,15Jan2016,05,Terrestre fijo inalámbrico,"237,891"
2016,01,15Jan2016,07,Otras tecnologías,"4,797"
2016,02,15Feb2016,01,Cable coaxial,"4,993,541"
2016,02,15Feb2016,02,DSL,"7,920,267"
2016,02,15Feb2016,03,Fibra óptica,"1,631,766"
2016,02,15Feb2016,04,Satelital,651
2016,02,15Feb2016,05,Terrestre fijo inalámbrico,"230,628"
2016,02,15Feb2016,07,Otras tecnologías,"4,799"
2016,03,15Mar2016,01,Cable coaxial,"5,025,931"
2016,03,15Mar2016,02,DSL,"7,853,640"
2016,03,15Mar2016,03,Fibra óptica,"1,736,833"
2016,03,15Mar2016,04,Satelital,662
2016,03,15Mar2016,05,Terrestre fijo inalámbrico,"223,800"
2016,03,15Mar2016,07,Otras tecnologías,"4,639"
2016,04,15Apr2016,01,Cable coaxial,"5,045,708"
2016,04,15Apr2016,02,DSL,"7,806,763"
2016,04,15Apr2016,03,Fibra óptica,"1,836,280"
2016,04,15Apr2016,04,Satelital,668
2016,04,15Apr2016,05,Terrestre fijo inalámbrico,"217,500"
2016,04,15Apr2016,07,Otras tecnologías,"4,642"
2016,05,15May2016,01,Cable coaxial,"5,092,186"
2016,05,15May2016,02,DSL,"7,746,183"
2016,05,15May2016,03,Fibra óptica,"1,923,875"
2016,05,15May2016,04,Satelital,671
2016,05,15May2016,05,Terrestre fijo inalámbrico,"211,112"
2016,05,15May2016,07,Otras tecnologías,"4,744"
2016,06,15Jun2016,01,Cable coaxial,"5,151,788"
2016,06,15Jun2016,02,DSL,"7,684,453"
2016,06,15Jun2016,03,Fibra óptica,"2,016,523"
2016,06,15Jun2016,04,Satelital,678
2016,06,15Jun2016,05,Terrestre fijo inalámbrico,"205,328"
2016,06,15Jun2016,07,Otras tecnologías,"4,952"
2016,07,15Jul2016,01,Cable coaxial,"5,200,201"
2016,07,15Jul2016,02,DSL,"7,655,375"
2016,07,15Jul2016,03,Fibra óptica,"2,160,437"
2016,07,15Jul2016,04,Satelital,374
2016,07,15Jul2016,05,Terrestre fijo inalámbrico,"200,488"
2016,07,15Jul2016,07,Otras tecnologías,"4,905"
2016,08,15Aug2016,01,Cable coaxial,"5,278,824"
2016,08,15Aug2016,02,DSL,"7,626,824"
2016,08,15Aug2016,03,Fibra óptica,"2,247,256"
2016,08,15Aug2016,04,Satelital,365
2016,08,15Aug2016,05,Terrestre fijo inalámbrico,"196,134"
2016,08,15Aug2016,07,Otras tecnologías,"5,080"
2016,09,15Sep2016,01,Cable coaxial,"5,378,936"
2016,09,15Sep2016,02,DSL,"7,636,184"
2016,09,15Sep2016,03,Fibra óptica,"2,320,881"
2016,09,15Sep2016,04,Satelital,368
2016,09,15Sep2016,05,Terrestre fijo inalámbrico,"192,345"
2016,09,15Sep2016,07,Otras tecnologías,"5,075"
2016,10,15Oct2016,01,Cable coaxial,"5,427,673"
2016,10,15Oct2016,02,DSL,"7,623,920"
2016,10,15Oct2016,03,Fibra óptica,"2,384,612"
2016,10,15Oct2016,04,Satelital,373
2016,10,15Oct2016,05,Terrestre fijo inalámbrico,"187,652"
2016,10,15Oct2016,07,Otras tecnologías,"5,043"
2016,11,15Nov2016,01,Cable coaxial,"5,457,835"
2016,11,15Nov2016,02,DSL,"7,596,012"
2016,11,15Nov2016,03,Fibra óptica,"2,462,013"
2016,11,15Nov2016,04,Satelital,370
2016,11,15Nov2016,05,Terrestre fijo inalámbrico,"182,889"
2016,11,15Nov2016,07,Otras tecnologías,"4,994"
2016,12,15Dec2016,01,Cable coaxial,"5,545,232"
2016,12,15Dec2016,02,DSL,"7,655,062"
2016,12,15Dec2016,03,Fibra óptica,"2,540,595"
2016,12,15Dec2016,04,Satelital,365
2016,12,15Dec2016,05,Terrestre fijo inalámbrico,"177,577"
2016,12,15Dec2016,07,Otras tecnologías,"5,140"
2017,01,15Jan2017,01,Cable coaxial,"5,445,608"
2017,01,15Jan2017,02,DSL,"7,535,255"
2017,01,15Jan2017,03,Fibra óptica,"2,589,313"
2017,01,15Jan2017,05,Terrestre fijo inalámbrico,"165,831"
2017,01,15Jan2017,99,Sin tecnología especificada,"268,935"
2017,02,15Feb2017,01,Cable coaxial,"5,459,593"
2017,02,15Feb2017,02,DSL,"7,503,227"
2017,02,15Feb2017,03,Fibra óptica,"2,636,626"
2017,02,15Feb2017,05,Terrestre fijo inalámbrico,"159,950"
2017,02,15Feb2017,99,Sin tecnología especificada,"266,861"
2017,03,15Mar2017,01,Cable coaxial,"5,524,270"
2017,03,15Mar2017,02,DSL,"7,442,460"
2017,03,15Mar2017,03,Fibra óptica,"2,697,656"
2017,03,15Mar2017,05,Terrestre fijo inalámbrico,"153,461"
2017,03,15Mar2017,99,Sin tecnología especificada,"266,976"
2017,04,15Apr2017,01,Cable coaxial,"5,566,194"
2017,04,15Apr2017,02,DSL,"7,416,129"
2017,04,15Apr2017,03,Fibra óptica,"2,739,410"
2017,04,15Apr2017,05,Terrestre fijo inalámbrico,"146,975"
2017,04,15Apr2017,99,Sin tecnología especificada,"266,696"
2017,05,15May2017,01,Cable coaxial,"5,654,575"
2017,05,15May2017,02,DSL,"7,422,454"
2017,05,15May2017,03,Fibra óptica,"2,784,159"
2017,05,15May2017,05,Terrestre fijo inalámbrico,"140,888"
2017,05,15May2017,99,Sin tecnología especificada,"267,294"
2017,06,15Jun2017,01,Cable coaxial,"5,745,640"
2017,06,15Jun2017,02,DSL,"7,374,486"
2017,06,15Jun2017,03,Fibra óptica,"2,839,909"
2017,06,15Jun2017,05,Terrestre fijo inalámbrico,"134,358"
2017,06,15Jun2017,99,Sin tecnología especificada,"268,643"
2017,07,15Jul2017,01,Cable coaxial,"5,816,518"
2017,07,15Jul2017,02,DSL,"7,313,663"
2017,07,15Jul2017,03,Fibra óptica,"2,890,665"
2017,07,15Jul2017,05,Terrestre fijo inalámbrico,"128,609"
2017,07,15Jul2017,99,Sin tecnología especificada,"271,407"
2017,08,15Aug2017,01,Cable coaxial,"5,918,788"
2017,08,15Aug2017,02,DSL,"7,355,927"
2017,08,15Aug2017,03,Fibra óptica,"2,966,822"
2017,08,15Aug2017,05,Terrestre fijo inalámbrico,"123,284"
2017,08,15Aug2017,99,Sin tecnología especificada,"271,923"
2017,09,15Sep2017,01,Cable coaxial,"5,983,760"
2017,09,15Sep2017,02,DSL,"7,264,410"
2017,09,15Sep2017,03,Fibra óptica,"3,003,683"
2017,09,15Sep2017,05,Terrestre fijo inalámbrico,"118,639"
2017,09,15Sep2017,99,Sin tecnología especificada,"270,388"
2017,10,15Oct2017,01,Cable coaxial,"6,064,768"
2017,10,15Oct2017,02,DSL,"7,212,755"
2017,10,15Oct2017,03,Fibra óptica,"3,039,752"
2017,10,15Oct2017,05,Terrestre fijo inalámbrico,"113,244"
2017,10,15Oct2017,99,Sin tecnología especificada,"271,365"
2017,11,15Nov2017,01,Cable coaxial,"6,137,217"
2017,11,15Nov2017,02,DSL,"7,225,366"
2017,11,15Nov2017,03,Fibra óptica,"3,087,875"
2017,11,15Nov2017,05,Terrestre fijo inalámbrico,"107,590"
2017,11,15Nov2017,99,Sin tecnología especificada,"272,741"
2017,12,15Dec2017,01,Cable coaxial,"6,242,132"
2017,12,15Dec2017,02,DSL,"7,252,078"
2017,12,15Dec2017,03,Fibra óptica,"3,129,230"
2017,12,15Dec2017,05,Terrestre fijo inalámbrico,"102,804"
2017,12,15Dec2017,99,Sin tecnología especificada,"274,238"
2018,01,15Jan2018,01,Cable coaxial,"6,359,648"
2018,01,15Jan2018,02,DSL,"7,289,096"
2018,01,15Jan2018,03,Fibra óptica,"3,194,419"
2018,01,15Jan2018,05,Terrestre fijo inalámbrico,"97,120"
2018,01,15Jan2018,99,Sin tecnología especificada,"272,341"
2018,02,15Feb2018,01,Cable coaxial,"6,434,686"
2018,02,15Feb2018,02,DSL,"7,262,555"
2018,02,15Feb2018,03,Fibra óptica,"3,242,519"
2018,02,15Feb2018,05,Terrestre fijo inalámbrico,"89,912"
2018,02,15Feb2018,99,Sin tecnología especificada,"273,744"
2018,03,15Mar2018,01,Cable coaxial,"6,517,063"
2018,03,15Mar2018,02,DSL,"7,272,604"
2018,03,15Mar2018,03,Fibra óptica,"3,309,906"
2018,03,15Mar2018,05,Terrestre fijo inalámbrico,"84,715"
2018,03,15Mar2018,99,Sin tecnología especificada,"275,540"
2018,04,15Apr2018,01,Cable coaxial,"6,591,659"
2018,04,15Apr2018,02,DSL,"7,301,274"
2018,04,15Apr2018,03,Fibra óptica,"3,377,102"
2018,04,15Apr2018,04,Satelital,"5,876"
2018,04,15Apr2018,05,Terrestre fijo inalámbrico,"78,632"
2018,04,15Apr2018,99,Sin tecnología especificada,"278,455"
2018,05,15May2018,01,Cable coaxial,"6,668,418"
2018,05,15May2018,02,DSL,"7,233,500"
2018,05,15May2018,03,Fibra óptica,"3,430,064"
2018,05,15May2018,04,Satelital,"6,338"
2018,05,15May2018,05,Terrestre fijo inalámbrico,"71,650"
2018,05,15May2018,99,Sin tecnología especificada,"280,810"
2018,06,15Jun2018,01,Cable coaxial,"6,724,949"
2018,06,15Jun2018,02,DSL,"7,178,847"
2018,06,15Jun2018,03,Fibra óptica,"3,472,497"
2018,06,15Jun2018,04,Satelital,"6,669"
2018,06,15Jun2018,05,Terrestre fijo inalámbrico,"67,459"
2018,06,15Jun2018,99,Sin tecnología especificada,"280,866"
2018,07,15Jul2018,01,Cable coaxial,"6,751,800"
2018,07,15Jul2018,02,DSL,"7,120,272"
2018,07,15Jul2018,03,Fibra óptica,"3,526,088"
2018,07,15Jul2018,04,Satelital,"7,370"
2018,07,15Jul2018,05,Terrestre fijo inalámbrico,"62,773"
2018,07,15Jul2018,99,Sin tecnología especificada,"269,709"
2018,08,15Aug2018,01,Cable coaxial,"6,808,356"
2018,08,15Aug2018,02,DSL,"7,105,275"
2018,08,15Aug2018,03,Fibra óptica,"3,605,962"
2018,08,15Aug2018,04,Satelital,"7,710"
2018,08,15Aug2018,05,Terrestre fijo inalámbrico,"58,833"
2018,08,15Aug2018,99,Sin tecnología especificada,"271,439"
2018,09,15Sep2018,01,Cable coaxial,"6,862,449"
2018,09,15Sep2018,02,DSL,"7,074,950"
2018,09,15Sep2018,03,Fibra óptica,"3,672,262"
2018,09,15Sep2018,04,Satelital,"7,969"
2018,09,15Sep2018,05,Terrestre fijo inalámbrico,"55,236"
2018,09,15Sep2018,99,Sin tecnología especificada,"273,051"
2018,10,15Oct2018,01,Cable coaxial,"6,886,719"
2018,10,15Oct2018,02,DSL,"7,013,943"
2018,10,15Oct2018,03,Fibra óptica,"3,761,046"
2018,10,15Oct2018,04,Satelital,"8,266"
2018,10,15Oct2018,05,Terrestre fijo inalámbrico,"51,765"
2018,10,15Oct2018,99,Sin tecnología especificada,"419,408"
2018,11,15Nov2018,01,Cable coaxial,"6,921,493"
2018,11,15Nov2018,02,DSL,"6,986,008"
2018,11,15Nov2018,03,Fibra óptica,"3,851,524"
2018,11,15Nov2018,04,Satelital,"8,703"
2018,11,15Nov2018,05,Terrestre fijo inalámbrico,"47,944"
2018,11,15Nov2018,99,Sin tecnología especificada,"425,738"
2018,12,15Dec2018,01,Cable coaxial,"6,985,267"
2018,12,15Dec2018,02,DSL,"7,168,184"
2018,12,15Dec2018,03,Fibra óptica,"3,720,313"
2018,12,15Dec2018,04,Satelital,"8,867"
2018,12,15Dec2018,05,Terrestre fijo inalámbrico,"45,004"
2018,12,15Dec2018,99,Sin tecnología especificada,"431,285"
2019,01,15Jan2019,01,Cable coaxial,"7,037,850"
2019,01,15Jan2019,02,DSL,"7,145,958"
2019,01,15Jan2019,03,Fibra óptica,"3,738,477"
2019,01,15Jan2019,04,Satelital,"9,268"
2019,01,15Jan2019,99,Sin tecnología especificada,"446,976"
2019,02,15Feb2019,01,Cable coaxial,"7,058,305"
2019,02,15Feb2019,02,DSL,"7,107,425"
2019,02,15Feb2019,03,Fibra óptica,"3,838,436"
2019,02,15Feb2019,04,Satelital,"9,789"
2019,02,15Feb2019,99,Sin tecnología especificada,"434,547"
2019,03,15Mar2019,01,Cable coaxial,"7,092,405"
2019,03,15Mar2019,02,DSL,"7,065,263"
2019,03,15Mar2019,03,Fibra óptica,"3,916,258"
2019,03,15Mar2019,04,Satelital,"10,063"
2019,03,15Mar2019,99,Sin tecnología especificada,"435,124"
2019,04,15Apr2019,01,Cable coaxial,"7,093,846"
2019,04,15Apr2019,02,DSL,"7,034,900"
2019,04,15Apr2019,03,Fibra óptica,"3,989,745"
2019,04,15Apr2019,04,Satelital,"17,179"
2019,04,15Apr2019,99,Sin tecnología especificada,"474,093"
2019,05,15May2019,01,Cable coaxial,"7,126,705"
2019,05,15May2019,02,DSL,"7,002,122"
2019,05,15May2019,03,Fibra óptica,"4,059,484"
2019,05,15May2019,04,Satelital,"17,269"
2019,05,15May2019,99,Sin tecnología especificada,"484,347"
2019,06,15Jun2019,01,Cable coaxial,"7,172,301"
2019,06,15Jun2019,02,DSL,"6,989,373"
2019,06,15Jun2019,03,Fibra óptica,"4,119,242"
2019,06,15Jun2019,04,Satelital,"18,277"
2019,06,15Jun2019,99,Sin tecnología especificada,"494,633"
2019,07,15Jul2019,01,Cable coaxial,"7,175,962"
2019,07,15Jul2019,02,DSL,"6,944,245"
2019,07,15Jul2019,03,Fibra óptica,"4,445,504"
2019,07,15Jul2019,04,Satelital,"18,106"
2019,07,15Jul2019,99,Sin tecnología especificada,"489,037"
2019,08,15Aug2019,01,Cable coaxial,"7,411,333"
2019,08,15Aug2019,02,DSL,"6,915,273"
2019,08,15Aug2019,03,Fibra óptica,"4,501,412"
2019,08,15Aug2019,04,Satelital,"18,231"
2019,08,15Aug2019,99,Sin tecnología especificada,"292,253"
2019,09,15Sep2019,01,Cable coaxial,"7,427,960"
2019,09,15Sep2019,02,DSL,"6,854,053"
2019,09,15Sep2019,03,Fibra óptica,"4,576,290"
2019,09,15Sep2019,04,Satelital,"18,415"
2019,09,15Sep2019,99,Sin tecnología especificada,"291,652"
2019,10,15Oct2019,01,Cable coaxial,"7,438,697"
2019,10,15Oct2019,02,DSL,"6,817,718"
2019,10,15Oct2019,03,Fibra óptica,"4,647,160"
2019,10,15Oct2019,04,Satelital,"18,614"
2019,10,15Oct2019,99,Sin tecnología especificada,"285,835"
2019,11,15Nov2019,01,Cable coaxial,"7,452,561"
2019,11,15Nov2019,02,DSL,"6,765,750"
2019,11,15Nov2019,03,Fibra óptica,"4,703,600"
2019,11,15Nov2019,04,Satelital,"18,843"
2019,11,15Nov2019,99,Sin tecnología especificada,"283,724"
2019,12,15Dec2019,01,Cable coaxial,"7,545,320"
2019,12,15Dec2019,02,DSL,"6,756,981"
2019,12,15Dec2019,03,Fibra óptica,"4,747,227"
2019,12,15Dec2019,04,Satelital,"18,902"
2019,12,15Dec2019,99,Sin tecnología especificada,"284,626"
2020,01,15Jan2020,01,Cable coaxial,"7,597,993"
2020,01,15Jan2020,02,DSL,"6,735,876"
2020,01,15Jan2020,03,Fibra óptica,"4,858,042"
2020,01,15Jan2020,04,Satelital,"18,881"
2020,01,15Jan2020,15,Tecnología móvil,"336,521"
2020,01,15Jan2020,99,Sin tecnología especificada,"290,461"
2020,02,15Feb2020,01,Cable coaxial,"7,606,557"
2020,02,15Feb2020,02,DSL,"6,709,326"
2020,02,15Feb2020,03,Fibra óptica,"4,950,131"
2020,02,15Feb2020,04,Satelital,"18,906"
2020,02,15Feb2020,15,Tecnología móvil,"340,987"
2020,02,15Feb2020,99,Sin tecnología especificada,"298,786"
2020,03,15Mar2020,01,Cable coaxial,"7,716,410"
2020,03,15Mar2020,02,DSL,"6,679,434"
2020,03,15Mar2020,03,Fibra óptica,"5,073,134"
2020,03,15Mar2020,04,Satelital,"19,073"
2020,03,15Mar2020,15,Tecnología móvil,"362,816"
2020,03,15Mar2020,99,Sin tecnología especificada,"306,034"
2020,04,15Apr2020,01,Cable coaxial,"7,818,321"
2020,04,15Apr2020,02,DSL,"6,658,038"
2020,04,15Apr2020,03,Fibra óptica,"5,255,861"
2020,04,15Apr2020,04,Satelital,"19,130"
2020,04,15Apr2020,15,Tecnología móvil,"387,864"
2020,04,15Apr2020,99,Sin tecnología especificada,"321,342"
2020,05,15May2020,01,Cable coaxial,"7,955,356"
2020,05,15May2020,02,DSL,"6,616,058"
2020,05,15May2020,03,Fibra óptica,"5,401,407"
2020,05,15May2020,04,Satelital,"19,373"
2020,05,15May2020,15,Tecnología móvil,"406,455"
2020,05,15May2020,99,Sin tecnología especificada,"329,149"
2020,06,15Jun2020,01,Cable coaxial,"8,056,559"
2020,06,15Jun2020,02,DSL,"6,544,458"
2020,06,15Jun2020,03,Fibra óptica,"5,520,350"
2020,06,15Jun2020,04,Satelital,"19,522"
2020,06,15Jun2020,15,Tecnología móvil,"414,585"
2020,06,15Jun2020,99,Sin tecnología especificada,"340,613"
2020,07,15Jul2020,01,Cable coaxial,"8,170,221"
2020,07,15Jul2020,02,DSL,"6,436,565"
2020,07,15Jul2020,03,Fibra óptica,"5,723,799"
2020,07,15Jul2020,04,Satelital,"19,775"
2020,07,15Jul2020,15,Tecnología móvil,"430,769"
2020,07,15Jul2020,99,Sin tecnología especificada,"345,399"
2020,08,15Aug2020,01,Cable coaxial,"8,331,840"
2020,08,15Aug2020,02,DSL,"6,417,871"
2020,08,15Aug2020,03,Fibra óptica,"5,883,082"
2020,08,15Aug2020,04,Satelital,"19,930"
2020,08,15Aug2020,15,Tecnología móvil,"466,433"
2020,08,15Aug2020,99,Sin tecnología especificada,"358,198"
2020,09,15Sep2020,01,Cable coaxial,"8,491,270"
2020,09,15Sep2020,02,DSL,"6,385,760"
2020,09,15Sep2020,03,Fibra óptica,"6,056,011"
2020,09,15Sep2020,04,Satelital,"20,012"
2020,09,15Sep2020,15,Tecnología móvil,"495,837"
2020,09,15Sep2020,99,Sin tecnología especificada,"370,695"
2020,10,15Oct2020,01,Cable coaxial,"8,604,324"
2020,10,15Oct2020,02,DSL,"6,329,200"
2020,10,15Oct2020,03,Fibra óptica,"6,234,638"
2020,10,15Oct2020,04,Satelital,"20,281"
2020,10,15Oct2020,15,Tecnología móvil,"515,597"
2020,10,15Oct2020,99,Sin tecnología especificada,"410,580"
2020,11,15Nov2020,01,Cable coaxial,"8,768,249"
2020,11,15Nov2020,02,DSL,"6,282,214"
2020,11,15Nov2020,03,Fibra óptica,"6,295,992"
2020,11,15Nov2020,04,Satelital,"20,185"
2020,11,15Nov2020,15,Tecnología móvil,"527,001"
2020,11,15Nov2020,99,Sin tecnología especificada,"433,796"
2020,12,15Dec2020,01,Cable coaxial,"8,903,694"
2020,12,15Dec2020,02,DSL,"6,197,007"
2020,12,15Dec2020,03,Fibra óptica,"6,389,876"
2020,12,15Dec2020,04,Satelital,"20,418"
2020,12,15Dec2020,15,Tecnología móvil,"548,741"
2020,12,15Dec2020,99,Sin tecnología especificada,"449,703"
2021,01,15Jan2021,01,Cable coaxial,"7,858,150"
2021,01,15Jan2021,02,DSL,"6,132,552"
2021,01,15Jan2021,03,Fibra óptica,"6,537,515"
2021,01,15Jan2021,04,Satelital,"567,044"
2021,01,15Jan2021,15,Tecnología móvil,"673,203"
2021,01,15Jan2021,99,Sin tecnología especificada,"1,151,950"
2021,02,15Feb2021,01,Cable coaxial,"7,885,070"
2021,02,15Feb2021,02,DSL,"6,018,699"
2021,02,15Feb2021,03,Fibra óptica,"6,721,611"
2021,02,15Feb2021,04,Satelital,"488,562"
2021,02,15Feb2021,15,Tecnología móvil,"685,754"
2021,02,15Feb2021,99,Sin tecnología especificada,"1,154,887"
2021,03,15Mar2021,01,Cable coaxial,"7,940,191"
2021,03,15Mar2021,02,DSL,"5,915,635"
2021,03,15Mar2021,03,Fibra óptica,"6,886,487"
2021,03,15Mar2021,04,Satelital,"546,151"
2021,03,15Mar2021,15,Tecnología móvil,"695,490"
2021,03,15Mar2021,99,Sin tecnología especificada,"1,162,716"
2021,04,15Apr2021,01,Cable coaxial,5534086
2021,04,15Apr2021,02,DSL,5857447
2021,04,15Apr2021,03,Fibra óptica,10298787
2021,04,15Apr2021,04,Satelital,506451
2021,04,15Apr2021,15,Tecnología móvil,699563
2021,04,15Apr2021,99,Sin tecnología especificada,256726
2021,05,15May2021,01,Cable coaxial,5540047
2021,05,15May2021,02,DSL,5764288
2021,05,15May2021,03,Fibra óptica,10472377
2021,05,15May2021,04,Satelital,500187
2021,05,15May2021,15,Tecnología móvil,703171
2021,05,15May2021,99,Sin tecnología especificada,252983
2021,06,15Jun2021,01,Cable coaxial,5545313
2021,06,15Jun2021,02,DSL,5675248
2021,06,15Jun2021,03,Fibra óptica,10657556
2021,06,15Jun2021,04,Satelital,480883
2021,06,15Jun2021,15,Tecnología móvil,704453
2021,06,15Jun2021,99,Sin tecnología especificada,252187
